SV_ID,CHROM,POS,SV_TYPE,SV_LENGTH_BP,Found_In_Samples
chr6:28518463_INS_145bp,chr6,28518463,INS,145,20H04
chr6:28531173_INS_127bp,chr6,28531173,INS,127,OMW
chr6:28863584_INS_83bp,chr6,28863584,INS,83,AKIBA
chr6:28865788_INS_70bp,chr6,28865788,INS,70,RML
chr6:28872407_INS_160bp,chr6,28872407,INS,160,"DKMS0650_C11, DKMS0650_A3"
chr6:28872444_INS_160bp,chr6,28872444,INS,160,"BM21, OMW, WT49"
chr6:28872479_INS_160bp,chr6,28872479,INS,160,"FPAF, E481324, DKMS0650_B11"
chr6:28884915_INS_128bp,chr6,28884915,INS,128,"DKMS0650_D4, FPAF"
chr6:28884956_INS_114bp,chr6,28884956,INS,114,DHIF
chr6:28927035_DEL_619bp,chr6,28927035,DEL,619,"DKMS0650_G5, HO104, BOLETH, DKMS0650_B11"
chr6:28929691_DEL_545bp,chr6,28929691,DEL,545,"DKMS0650_D4, FPAF, DHIF"
chr6:29176168_DEL_71bp,chr6,29176168,DEL,71,"DKMS0650_C5, WT49, DKMS0650_F5, JVM, WS08"
chr6:29416043_INS_336bp,chr6,29416043,INS,336,"DUCAF, EJ32B"
chr6:29437555_INS_269bp,chr6,29437555,INS,269,OMW
chr6:29481863_DEL_84bp,chr6,29481863,DEL,84,DKMS0650_A2
chr6:29682642_DEL_666bp,chr6,29682642,DEL,666,"DKMS0650_A9, DKMS0650_H11, DKMS0650_F3, DKMS0650_D4, DKMS0650_F9"
chr6:29722786_INS_60bp,chr6,29722786,INS,60,DKMS0650_A11
chr6:29851433_DEL_649bp,chr6,29851433,DEL,649,DKMS0650_F5
chr6:29871594_DEL_307bp,chr6,29871594,DEL,307,"SPACHECO, SPL, DEU, LWAGS"
chr6:29875659_DEL_6178bp,chr6,29875659,DEL,6178,SPACHECO
chr6:29902275_INS_241bp,chr6,29902275,INS,241,"SPACHECO, SPL, DEU, LWAGS"
chr6:29902561_DEL_244bp,chr6,29902561,DEL,244,"SPACHECO, SPL, DEU, LWAGS"
chr6:29905658_INS_84bp,chr6,29905658,INS,84,DKMS3524_C3
chr6:29919338_INS_61bp,chr6,29919338,INS,61,DKMS0650_E12
chr6:29925080_INS_325bp,chr6,29925080,INS,325,DHIF
chr6:29925897_DEL_57bp,chr6,29925897,DEL,57,"WS12, DKMS3524_B2, DKMS3524_E3, DKMS0650_A9, DKMS3524_D3, DKMS0650_H11, DKMS0650_F3, DKMS0650_D4, DKMS0650_A2, DKMS0650_E6, DKMS0650_F9, DKMS0650_G9"
chr6:29949529_DEL_99bp,chr6,29949529,DEL,99,"AMA1, SPACHECO"
chr6:29953039_DEL_1469bp,chr6,29953039,DEL,1469,"DKMS0650_E2, DHIF, SPACHECO, SPL, DEU, LWAGS"
chr6:29986227_DEL_71bp,chr6,29986227,DEL,71,AMA1
chr6:30254208_INS_306bp,chr6,30254208,INS,306,"WT49, LBUF"
chr6:30448590_INS_52bp,chr6,30448590,INS,52,DKMS3524_F11
chr6:30448599_INS_53bp,chr6,30448599,INS,53,"DKMS3524_D6, H216306, DKMS3524_G2"
chr6:30705328_INS_123bp,chr6,30705328,INS,123,DKMS0650_G12
chr6:30705362_INS_121bp,chr6,30705362,INS,121,"DKMS0650_F5, DKMS3524_C8, DKMS3524_H5"
chr6:30760000_INS_72bp,chr6,30760000,INS,72,MGAR
chr6:30846261_DEL_516bp,chr6,30846261,DEL,516,"KRC005, CALOGERO, YAR, FPAF, WT49, BEI, SPO, MANIKA"
chr6:30852819_INS_83bp,chr6,30852819,INS,83,"DKMS0650_D7, DKMS0650_G12, DKMS0650_D2, MANIKA, DKMS0650_E3"
chr6:30852827_INS_50bp,chr6,30852827,INS,50,"CALOGERO, WT51, DKMS0650_B12, SLE005"
chr6:30894087_INS_287bp,chr6,30894087,INS,287,"FPAF, DKMS0650_D9"
chr6:30949583_DEL_57bp,chr6,30949583,DEL,57,"MGAR, DKMS0650_C11, DKMS0650_G6, DKMS0650_D2, DKMS0650_A7, DKMS3524_E11, DKMS3524_E1"
chr6:30964853_DEL_174bp,chr6,30964853,DEL,174,"WT49, DKMS0650_E3, LWAGS, DKMS3524_B7"
chr6:30986570_INS_133bp,chr6,30986570,INS,133,DKMS3524_F4
chr6:30986691_INS_135bp,chr6,30986691,INS,135,"DUCAF, DKMS0650_B7, H180183"
chr6:30987183_INS_90bp,chr6,30987183,INS,90,KRC005
chr6:31017399_DEL_119bp,chr6,31017399,DEL,119,DKMS0650_F8
chr6:31021345_INS_82bp,chr6,31021345,INS,82,DKMS0650_H8
chr6:31021365_INS_82bp,chr6,31021365,INS,82,WT49
chr6:31021415_DEL_78bp,chr6,31021415,DEL,78,"DKMS0650_E2, DKMS0650_D2, DKMS0650_G3, LBUF"
chr6:31021599_INS_78bp,chr6,31021599,INS,78,"DKMS0650_D2, SPO, LBUF, 9B08"
chr6:31021630_INS_77bp,chr6,31021630,INS,77,BER
chr6:31026229_DEL_1074bp,chr6,31026229,DEL,1074,"BM9, DKMS3524_F11, DKMS0650_H9, JTHOM, BTB, FPAF, DKMS0650_D9"
chr6:31028242_DEL_90bp,chr6,31028242,DEL,90,BOB
chr6:31029062_INS_120bp,chr6,31029062,INS,120,"DKMS0650_C12, DKMS0650_D3, DKMS0650_C1, DKMS3524_F11, DKMS0650_H9, JTHOM, BTB, FPAF, DKMS3524_D8, DKMS0650_D9, DKMS0650_A7, DKMS0650_G3, DKMS3524_C9, DKMS0650_E6, DKMS3524_E11, DKMS3524_E1, BM92"
chr6:31029104_INS_120bp,chr6,31029104,INS,120,BM9
chr6:31029723_INS_60bp,chr6,31029723,INS,60,"DKMS0650_D3, DKMS0650_H9, RML, JTHOM, FPAF, BOB, DKMS0650_A2, DKMS0650_D9, DKMS0650_A7, ISH3, DKMS0650_G3, DKMS3524_C9, DKMS0650_E6, DKMS3524_E11, DKMS0650_G1, DKMS3524_E1, DKMS0650_E7, COV3240"
chr6:31029772_INS_75bp,chr6,31029772,INS,75,200065902
chr6:31029796_INS_60bp,chr6,31029796,INS,60,"BM9, BTB, K65"
chr6:31103507_INV_447bp,chr6,31103507,INV,447,COV5319
chr6:31132407_DEL_53bp,chr6,31132407,DEL,53,"DKMS0650_A9, BM9, DKMS0650_D3, DKMS0650_H9, DKMS0650_G5, FPAF, TISI, DKMS0650_B2, DKMS3524_D8, ISH3, DKMS0650_G3"
chr6:31137173_INS_137bp,chr6,31137173,INS,137,DKMS0650_H8
chr6:31196035_DEL_160bp,chr6,31196035,DEL,160,DKMS0650_B12
chr6:31251742_DEL_10272bp,chr6,31251742,DEL,10272,"DKMS0650_A7, LUY"
chr6:31307018_DEL_134bp,chr6,31307018,DEL,134,"DKMS3524_E3, DKMS3524_B6, KRC005, LKT3, DKMS0650_C11, DKMS0650_G6, DKMS0650_D2, DKMS0650_A4, DKMS0650_G11, FH76, DKMS0650_B12, DKMS0650_C4, DKMS3524_E9, DKMS0650_H4, DKMS0650_F8, SPACHECO, SPL, DKMS0650_H1, WS14, LUY, T7526, TAB"
chr6:31320251_DEL_234bp,chr6,31320251,DEL,234,"DKMS0650_A7, DKMS0650_H4, LUY"
chr6:31336225_INS_321bp,chr6,31336225,INS,321,LUY
chr6:31370084_DEL_4105bp,chr6,31370084,DEL,4105,"DKMS0650_D4, CALOGERO, DKMS0650_C5, SWEIG"
chr6:31417422_DEL_77bp,chr6,31417422,DEL,77,"DKMS3524_B10, DKMS0650_F5, DKMS0650_G12, MANIKA, DKMS0650_E3, LWAGS"
chr6:31426171_INV_97bp,chr6,31426171,INV,97,NMDA7050
chr6:31475975_INV_433bp,chr6,31475975,INV,433,COV3646
chr6:31486861_INS_54bp,chr6,31486861,INS,54,"DKMS0650_D3, WT51, DKMS0650_D2, DKMS3524_H10"
chr6:31498461_INS_145bp,chr6,31498461,INS,145,"RML, LKT3, DKMS0650_C4, DKMS0650_F9, DKMS0650_D6, DKMS0650_G9, LBUF"
chr6:31571792_INS_141bp,chr6,31571792,INS,141,DKB
chr6:31709512_DEL_136bp,chr6,31709512,DEL,136,BEI
chr6:31853936_INS_171bp,chr6,31853936,INS,171,"KRC005, JBUSH"
chr6:32060300_INS_68bp,chr6,32060300,INS,68,DKMS0650_B7
chr6:32060333_INS_69bp,chr6,32060333,INS,69,CB6B
chr6:32125128_INV_647bp,chr6,32125128,INV,647,DKMS0650_F7
chr6:32184580_DEL_63bp,chr6,32184580,DEL,63,"DKMS0650_B3, DKMS0650_E10, RSH"
chr6:32205128_DEL_2140bp,chr6,32205128,DEL,2140,LKT3
chr6:32386077_DEL_82bp,chr6,32386077,DEL,82,LUY
chr6:32386111_INS_55bp,chr6,32386111,INS,55,TOWUNAGA
chr6:32400763_DEL_278bp,chr6,32400763,DEL,278,"BM9, MADURA, KRC005, BTB, TAB"
chr6:32411033_INV_2617bp,chr6,32411033,INV,2617,"NMDA7050, 22E06"
chr6:32433890_DEL_2099bp,chr6,32433890,DEL,2099,"DKMS0650_A9, MADURA"
chr6:32449455_INS_211bp,chr6,32449455,INS,211,AWELLS
chr6:32481215_INS_309bp,chr6,32481215,INS,309,JVM
chr6:32486083_INS_130bp,chr6,32486083,INS,130,"DKMS0650_E6, FH76, H180183, AWELLS, DKMS3524_E4, S4G08"
chr6:32502886_INS_97bp,chr6,32502886,INS,97,"YAR, SAVC"
chr6:32502896_INS_94bp,chr6,32502896,INS,94,AWELLS
chr6:32510598_DUP_36538bp,chr6,32510598,DUP,36538,"OMW, BM14, EJ32B, DKMS0650_B11"
chr6:32510752_DEL_503bp,chr6,32510752,DEL,503,DKMS0650_D9
chr6:32514863_INV_261bp,chr6,32514863,INV,261,"WT51, DKMS0650_B12"
chr6:32523880_INS_315bp,chr6,32523880,INS,315,"DKMS3524_D3, DKMS0650_F5, DKMS0650_D9, ISH3, BM14, H180111, BM92, DKMS0650_F9, LBUF, DKMS0650_F10, LEO_10, 23C04, S4G08, 18A06"
chr6:32527916_DUP_43339bp,chr6,32527916,DUP,43339,"BM9, PLH, BER, RSH"
chr6:32533360_DEL_68bp,chr6,32533360,DEL,68,"DKMS0650_G11, DKMS0650_G9, MT14B, DKMS0650_G7"
chr6:32540123_DEL_311bp,chr6,32540123,DEL,311,"DKMS0650_F1, MAY, LBUF, DKMS0650_F10, MT14B, BER, S4G08"
chr6:32540856_INS_304bp,chr6,32540856,INS,304,"DKMS0650_D9, DKMS0650_F9, DKMS0650_E12, DKMS0650_G7, S4G08"
chr6:32542354_INS_204bp,chr6,32542354,INS,204,ISH3
chr6:32543758_INS_62bp,chr6,32543758,INS,62,"DKMS0650_A11, DKMS0650_D9, LBUF, AWELLS, 15H03, 18A06"
chr6:32552720_INS_316bp,chr6,32552720,INS,316,SAVC
chr6:32554521_INS_229bp,chr6,32554521,INS,229,"DKMS0650_A6, DKMS0650_C11, SLE005, 11A03, 17B06"
chr6:32554523_INS_52bp,chr6,32554523,INS,52,DKMS0650_F4
chr6:32570628_INV_144bp,chr6,32570628,INV,144,WT24
chr6:32573001_INS_307bp,chr6,32573001,INS,307,"SAVC, MAY, PLH"
chr6:32577262_INS_78bp,chr6,32577262,INS,78,TAB
chr6:32587099_INS_57bp,chr6,32587099,INS,57,DKMS0650_F9
chr6:32590486_INS_304bp,chr6,32590486,INS,304,"WS08, 18A06"
chr6:32594807_DEL_50bp,chr6,32594807,DEL,50,"AKIBA, E481324, HARA, TOWUNAGA, KAWASAKI"
chr6:32595674_DEL_209bp,chr6,32595674,DEL,209,CALOGERO
chr6:32596351_INS_156bp,chr6,32596351,INS,156,"DKMS0650_D4, CALOGERO, HARA, TOWUNAGA, KAWASAKI"
chr6:32638769_INS_73bp,chr6,32638769,INS,73,"DKMS0650_A9, BM9, KRC005, GKW250, BTB, SPACHECO, SPL, LUY"
chr6:32642363_INS_51bp,chr6,32642363,INS,51,"DKMS0650_D7, DKMS0650_D3, DKMS0650_H11, DKMS0650_E2, BM21, DKMS0650_F4, RML, TISI, BOB, DKMS0650_A2, DHIF, JBUSH, JVM, DKMS0650_G6, DKMS0650_D2, DKMS0650_A4, DKMS0650_F10"
chr6:32655566_INV_180bp,chr6,32655566,INV,180,"DKMS0650_C12, DKMS0650_C1"
chr6:32663118_INS_91bp,chr6,32663118,INS,91,"DKMS0650_D7, DKMS0650_C12, DKMS0650_D3, DKMS0650_C1, DKMS0650_H11, DKMS0650_A11, DKMS0650_E2, BM21, DKMS0650_F4, RML, DKMS0650_B8, DKMS3524_B10, DKMS0650_C5, TISI, BOB, DKMS0650_A2, DHIF, JBUSH, DKMS0650_B2, DKMS0650_C11, DKMS3524_B9, JVM, DKMS0650_G6, DKMS0650_D2, DKMS0650_A4, DKMS0650_E3, WS14, LUY, DKMS0650_F2, 23C04"
chr6:32663138_INS_91bp,chr6,32663138,INS,91,"DKMS0650_F1, DKMS0650_F10"
chr6:32663167_INS_94bp,chr6,32663167,INS,94,DKMS3524_F2
chr6:32670302_DEL_3049bp,chr6,32670302,DEL,3049,DKMS0650_C5
chr6:32675283_DEL_4902bp,chr6,32675283,DEL,4902,"BM21, CALOGERO, RML, DKMS0650_D2"
chr6:32676200_DEL_340bp,chr6,32676200,DEL,340,DKMS0650_H9
chr6:32719391_INS_314bp,chr6,32719391,INS,314,"DKMS0650_A9, DKMS0650_D7, BM9, DKMS0650_D3, DKMS0650_D4, DKMS0650_A11, BM21, KRC005, CALOGERO, MGAR, RML, JTHOM, BTB, DKMS0650_F1, LKT3, BOB, DHIF, JBUSH, DKMS0650_B2, WT49, DKMS0650_D2, DKMS0650_A4, DKMS0650_D6, DKMS0650_F10, SPACHECO, SPL, T7526, 12F08, NMDA6086"
chr6:32720801_INS_326bp,chr6,32720801,INS,326,"DKMS0650_A9, DKMS0650_D7, BM9, DKMS0650_D3, DKMS0650_H11, DKMS0650_D4, MADURA, KRC005, DKMS0650_F4, CALOGERO, MGAR, RML, JTHOM, BTB, DKMS0650_B8, DKMS0650_F1, LKT3, TISI, DHIF, DKMS0650_B2, WT49, DKMS0650_D2, DKMS0650_A4, DKMS0650_B12, DKMS0650_D6, LBUF, SPACHECO, SPL, LUY, T7526, 12F08, NMDA6086, 11D12, 23C04"
chr6:32776788_INS_89bp,chr6,32776788,INS,89,"DKMS0650_D4, BM21, DKMS0650_F4, CALOGERO, RML, DKMS0650_C5, BOB, DHIF, JBUSH, JVM, DKMS0650_D2, DKMS0650_A4, LUY, T7526"
chr6:32879464_INV_852bp,chr6,32879464,INV,852,DKMS0650_E7
chr6:33128377_INV_810bp,chr6,33128377,INV,810,DKMS3524_F6
chr6:33161196_DEL_58bp,chr6,33161196,DEL,58,"DKMS0650_H11, DKMS0650_F3, DKMS0650_E2, DKMS3524_B6, DKMS0650_B8, DKMS0650_F12, DHIF, JBUSH, DKMS0650_B2, AKIBA, WT49, DKMS0650_G12, 2000572302, DKMS0650_A4, HARA, TOWUNAGA, DKMS0650_E7, KAWASAKI, 2100235102"
chr6:33168308_INS_59bp,chr6,33168308,INS,59,BM21
chr6:33223354_INS_140bp,chr6,33223354,INS,140,FPAF
chr6:33244266_DEL_52bp,chr6,33244266,DEL,52,DKMS0650_D7
chr6:33458083_DEL_84bp,chr6,33458083,DEL,84,DKMS0650_F8
